year,age,midYearWt_3LNO,springWt_3LNO,springM_3LNO
1954,1,1.897490628,0.536277272,3.408374289
1955,1,1.795474718,0.505212477,3.46820103
1955,2,9.527096162,4.800865016,1.718666643
1956,1,1.691408558,0.473858451,3.534161717
1956,2,9.013116651,4.52312382,1.750522683
1956,3,27.32777987,17.36914694,1.164116407
1957,1,1.585726478,0.442360633,3.607013678
1957,2,8.485073652,4.240315327,1.785886594
1957,3,26.11238115,16.53571634,1.182298363
1957,4,60.97299637,43.42670601,0.880316333
1958,1,1.478925469,0.410876446,3.687627569
1958,2,7.945243455,3.953817674,1.825231358
1958,3,24.84223383,15.6714578,1.202561583
1958,4,58.80183076,41.75023681,0.89163896
1958,5,107.8941315,82.13287558,0.72441196
1959,1,1.371566141,0.379574245,3.777005372
1959,2,7.396361529,3.665202403,1.869108034
1959,3,23.52041585,14.77921333,1.225197806
1959,4,56.49543448,39.98222564,0.904305572
1959,5,104.5408447,79.33722351,0.732576603
1959,6,170.6613215,135.5445561,0.618487125
1960,1,1.362137084,0.372994453,3.790794803
1960,2,6.841645172,3.376232847,1.918159553
1960,3,22.15133497,13.86265056,1.250548402
1960,4,54.05368383,38.12450122,0.91851027
1960,5,100.9280197,76.34861437,0.741764789
1960,6,165.9822252,131.4075984,0.624608849
1960,7,259.9152466,211.8092237,0.537952174
1961,1,1.114167433,0.303072106,4.058223145
1961,2,6.725260132,3.306727443,1.932523156
1961,3,20.74091614,12.92634185,1.279013507
1961,4,51.47884162,36.18070384,0.934480688
1961,5,97.04730062,73.16432339,0.752131319
1961,6,160.8496712,126.9114813,0.631566871
1961,7,253.9012859,206.5396751,0.54225839
1961,8,384.5934052,316.7391704,0.475426859
1962,1,1.192747236,0.321921572,4.01751584
1962,2,5.189004275,2.544951455,2.123560026
1962,3,20.63447667,12.82011603,1.283170929
1962,4,48.77612541,34.15662371,0.952484255
1962,5,92.89404382,69.78487788,0.763858472
1962,6,155.2354023,122.0401617,0.639496731
1962,7,247.1973554,200.6970738,0.547208735
1962,8,376.5106359,309.9849666,0.47868163
1962,9,546.723583,462.9307579,0.423426269
1963,1,1.127265918,0.303428003,4.063649108
1963,2,5.431159727,2.662590961,2.120619827
1963,3,16.67439747,10.31380947,1.392564475
1963,4,48.89547187,34.15417397,0.95297771
1963,5,88.46864941,66.21498021,0.777161178
1963,6,149.1160417,116.7826549,0.648559
1963,7,239.7430573,194.2363499,0.5529143
1963,8,367.452428,302.4182697,0.482443705
1963,9,536.1932648,453.5403509,0.426164717
1963,10,747.4151225,641.8734223,0.383477275
1964,1,0.988358949,0.265742812,4.217408288
1964,2,5.261303431,2.56800351,2.123066836
1964,3,17.90519851,11.07320894,1.381864269
1964,4,41.24531548,28.71947632,1.022152969
1964,5,88.87467195,66.34704102,0.776762022
1964,6,142.4759667,111.1352463,0.658944032
1964,7,231.4817958,187.1169635,0.559507366
1964,8,357.3262478,293.9614331,0.486802704
1964,9,524.329545,443.0129146,0.429330385
1964,10,734.6641988,630.6017589,0.385620938
1964,11,993.892652,865.9373196,0.350090617
1965,1,1.060585746,0.285704936,4.14284693
1965,2,4.665893496,2.267899578,2.196381093
1965,3,17.10679742,10.53387047,1.386597155
1965,4,45.29768308,31.63257562,1.007916597
1965,5,74.29017269,55.2279875,0.83378743
1965,6,142.8188891,111.0495815,0.659037254
1965,7,222.3652841,179.3067169,0.567145443
1965,8,346.0422855,284.5393282,0.491865682
1965,9,511.0012923,431.2406859,0.432997658
1965,10,720.1564737,617.8286532,0.388118199
1965,11,978.848033,852.3821719,0.351817785
1965,12,1270.241542,1131.327724,0.322875142
1966,1,0.913221372,0.244599869,4.335271456
1966,2,5.045507114,2.451245707,2.147362341
1966,3,15.12419228,9.265369973,1.434314379
1966,4,42.7322887,29.64912062,1.014098865
1966,5,80.55911501,60.02803131,0.823859443
1966,6,114.5198085,88.52465857,0.71405776
1966,7,223.8299418,179.8043351,0.566578053
1966,8,333.5194232,274.0844351,0.497760461
1966,9,496.0790109,418.1183207,0.437255365
1966,10,703.7105656,603.3988653,0.39103111
1966,11,961.5306055,836.8674289,0.353848959
1966,12,1253.445641,1115.212249,0.324294285
1966,13,1567.507466,1418.18833,0.301346914
1967,1,0.836619462,0.222354875,4.450854165
1967,2,4.35814047,2.106964046,2.246936718
1967,3,16.49520326,10.11000242,1.401812771
1967,4,37.69952375,25.97651758,1.048998388
1967,5,77.37414278,57.32667082,0.825473737
1967,6,120.5160017,93.31258672,0.709966828
1967,7,178.0599907,142.9378672,0.612970425
1967,8,338.3823381,277.0711183,0.496011469
1967,9,479.4424348,403.5494912,0.442209516
1967,10,685.1450175,587.156614,0.394433726
1967,11,941.6987291,819.1849193,0.356237727
1967,12,1233.772153,1096.53526,0.325985425
1967,13,1550.04023,1400.774388,0.30247013
1967,14,1864.847197,1724.257231,0.28368334
1968,1,0.824005016,0.218064981,4.501206742
1968,2,3.964292912,1.907570476,2.318406462
1968,3,14.29773439,8.712499458,1.463040886
1968,4,41.59413616,28.75000491,1.022873565
1968,5,69.34213059,51.04205854,0.850457538
1968,6,119.6744465,92.18303835,0.70595261
1968,7,185.7141552,149.2209485,0.609948624
1968,8,270.3611034,222.6500604,0.534736507
1968,9,489.979782,411.2952039,0.439501922
1968,10,664.2877273,568.9535762,0.398414339
1968,11,919.1100205,799.1247433,0.359047887
1968,12,1210.898219,1075.019805,0.327997179
1968,13,1529.019095,1380.146068,0.303836742
1968,14,1851.666893,1709.483131,0.28440841
1968,15,2141.413613,1996.012114,0.271510856
1969,1,0.757393595,0.19988905,4.633991964
1969,2,3.878625049,1.857274519,2.353317359
1969,3,12.9940304,7.868849388,1.504318243
1969,4,36.14066302,24.7888558,1.065617372
1969,5,76.02677885,56.12192683,0.830074691
1969,6,109.7602941,84.01766789,0.723255337
1969,7,187.5971942,149.7170741,0.604752274
1969,8,282.8552491,233.1682189,0.53115983
1969,9,394.5523728,331.5718158,0.473496278
1969,10,683.2316335,583.805036,0.395129013
1969,11,893.5333354,776.4852706,0.362355297
1969,12,1184.498692,1050.3878,0.330387321
1969,13,1504.011797,1355.930213,0.305491467
1969,14,1834.74184,1691.158657,0.285331203
1969,15,2134.792858,1987.231416,0.271863948
1969,16,2423.206628,2284.31032,0.260735549
1970,1,0.791596121,0.208786663,4.572668911
1970,2,3.529406311,1.68769662,2.43473744
1970,3,13.03762424,7.846222302,1.517136637
1970,4,32.61263109,22.19480179,1.095020453
1970,5,67.0620155,49.15342528,0.861100175
1970,6,119.7146732,91.87255748,0.705616324
1970,7,174.5525663,138.4235424,0.617431329
1970,8,288.406479,235.8155462,0.525518764
1970,9,414.5359362,348.5980634,0.46951893
1970,10,558.7811683,479.2932775,0.423411286
1970,11,923.9204846,801.1632994,0.358725304
1970,12,1154.261853,1022.373579,0.333224375
1970,13,1474.579924,1327.749944,0.307487437
1970,14,1813.531043,1668.806402,0.286489959
1970,15,2124.550671,1974.957394,0.272370432
1970,16,2422.439694,2280.552534,0.260850778
1970,17,2705.041511,2571.093939,0.250909897
1971,1,0.822771372,0.217015592,4.520668367
1971,2,3.686146735,1.761863141,2.404116911
1971,3,11.95948379,7.175596541,1.564862437
1971,4,33.59025117,22.79859157,1.095873922
1971,5,61.55552608,44.71842396,0.880889624
1971,6,107.6465769,81.97455,0.728688227
1971,7,189.8727583,150.9709341,0.602279586
1971,8,270.8835125,220.1595409,0.53509879
1971,9,425.307354,355.7364408,0.463163333
1971,10,590.743508,507.0121622,0.418866892
1971,11,765.7065313,666.187496,0.382999608
1971,12,1199.108626,1059.960737,0.329368326
1971,13,1440.299647,1295.242755,0.309887606
1971,14,1787.467092,1641.931004,0.287930184
1971,15,2110.052906,1958.616236,0.273062255
1971,16,2417.998548,2273.155994,0.261095283
1971,17,2712.70631,2575.290727,0.250773166
1971,18,2931.111005,2804.461982,0.244967182
1972,1,0.828453307,0.217234083,4.527521174
1972,2,3.823138644,1.830085158,2.376780004
1972,3,12.49692408,7.494018813,1.544583338
1972,4,31.02907621,20.99200547,1.127092615
1972,5,63.49807523,45.93552468,0.880134949
1972,6,100.8681792,76.12905638,0.742376883
1972,7,173.6308267,136.7807433,0.619448619
1972,8,293.1355902,238.900907,0.5225399
1972,9,402.4240026,335.0144885,0.470448525
1972,10,606.9099115,518.055545,0.413054195
1972,11,813.9374529,708.5242465,0.378119508
1972,12,999.6921003,883.5191794,0.351305747
1972,13,1502.044166,1348.49707,0.305908482
1972,14,1755.976472,1610.038302,0.289705831
1972,15,2090.61052,1937.589178,0.273977544
1972,16,2409.137813,2261.433479,0.261497937
1972,17,2717.119418,2576.183514,0.250735201
1972,18,2948.300405,2817.884093,0.24460436
1972,19,3199.314608,3080.079351,0.237444104
1973,1,0.865262748,0.226397393,4.461615416
1973,2,3.813705205,1.828780098,2.385863882
1973,3,12.90529448,7.760594765,1.527895827
1973,4,32.41022807,21.9369075,1.112367944
1973,5,58.86603114,42.43797382,0.904027066
1973,6,103.3713874,77.68070882,0.741537292
1973,7,165.1967181,129.0274008,0.628581396
1973,8,272.5109556,219.9505913,0.53486839
1973,9,432.9000788,361.1461433,0.460165714
1973,10,577.0706844,490.523606,0.41892561
1973,11,837.1424048,725.2524139,0.372622336
1973,12,1064.444427,940.8359194,0.346529288
1973,13,1252.620858,1125.020329,0.326094635
1973,14,1836.883144,1681.874429,0.285685457
1973,15,2065.496065,1911.228448,0.275161604
1973,16,2395.031695,2244.630033,0.262093282
1973,17,2717.475711,2573.015518,0.250820603
1973,18,2963.13553,2828.801861,0.244309613
1973,19,3224.385278,3101.075236,0.236943173
1973,20,3376.33277,3264.531851,0.234816442
1974,1,0.974834618,0.253003012,4.331993463
1974,2,4.00528699,1.920976927,2.343136232
1974,3,12.79420614,7.713517286,1.532843162
1974,4,33.28857133,22.57169568,1.101875115
1974,5,61.45970636,44.29765045,0.892429983
1974,6,95.50066441,71.52504184,0.762356326
1974,7,169.8689784,132.3894343,0.625801452
1974,8,262.5094628,210.5025132,0.540397955
1974,9,408.1860025,338.0578423,0.468650576
1974,10,617.0949133,525.4763885,0.410472832
1974,11,799.4261379,689.9998028,0.377428032
1974,12,1099.652996,968.6998444,0.340908528
1974,13,1333.362865,1197.727841,0.321550441
1974,14,1577.273184,1440.904919,0.301821971
1974,15,2168.863983,2004.218811,0.271019798
1974,16,2374.789221,2221.938605,0.262922431
1974,17,2712.860177,2564.933327,0.251058924
1974,18,2974.829623,2836.459335,0.244103002
1974,19,3247.371539,3119.784148,0.23649778
1974,20,3410.88212,3294.789591,0.234151003
1974,21,3597.018144,3498.017699,0.228500211
1975,1,1.038309565,0.268250794,4.268810676
1975,2,4.462959777,2.143799427,2.280560019
1975,3,13.31989321,8.041637336,1.507656859
1975,4,32.7172035,22.16004958,1.106980632
1975,5,62.92168607,45.4547065,0.88475095
1975,6,99.52988245,74.58120191,0.752929296
1975,7,157.6590376,122.2175143,0.642586533
1975,8,270.7353921,217.3358534,0.536517313
1975,9,396.9438738,327.0912133,0.471957664
1975,10,588.0522934,497.529898,0.416613068
1975,11,850.4727079,735.4100037,0.37034271
1975,12,1056.126443,927.2787155,0.344744097
1975,13,1386.405083,1241.272743,0.315770398
1975,14,1690.338604,1544.402737,0.296814733
1975,15,1919.771188,1771.055256,0.283170858
1975,16,2501.779275,2337.955406,0.258710345
1975,17,2702.256756,2550.996903,0.251485457
1975,18,2982.455539,2839.972527,0.244008786
1975,19,3267.414716,3135.373174,0.236126601
1975,20,3444.361677,3323.693972,0.233521387
1975,21,3640.009155,3536.954962,0.227725397
1976,1,1.218513545,0.313885868,4.089171384
1976,2,4.737642548,2.276077581,2.247035189
1976,3,14.79855691,8.962200669,1.464016563
1976,4,33.71396463,22.83361153,1.09166016
1976,5,61.84093211,44.69192494,0.888991581
1976,6,101.7502307,76.36819492,0.746933839
1976,7,163.9157787,127.2267112,0.634920701
1976,8,254.5658707,202.9963424,0.548678107
1976,9,409.9631728,337.7585929,0.468275057
1976,10,575.3855892,484.8951596,0.418573821
1976,11,818.0399948,703.1602923,0.374761802
1976,12,1117.658679,983.1723522,0.338748607
1976,13,1339.959355,1195.957699,0.318765333
1976,14,1747.548871,1592.791144,0.29209616
1976,15,2068.651005,1908.76693,0.277736432
1976,16,2235.142429,2084.665782,0.269292098
1976,17,2848.94622,2686.52328,0.247410702
1976,18,2984.942429,2838.328189,0.244056095
1976,19,3283.491839,3146.857831,0.235852297
1976,20,3475.970763,3350.452472,0.232943572
1976,21,3682.95354,3575.527545,0.226967604
1977,1,1.389619806,0.357306865,3.925031292
1977,2,5.477968473,2.646094411,2.160358615
1977,3,15.75370566,9.551348014,1.439752405
1977,4,37.14188304,25.21482077,1.060402208
1977,5,63.87845624,46.18194759,0.87632175
1977,6,99.6612508,74.78049164,0.752082254
1977,7,167.4038468,129.9681039,0.630399706
1977,8,263.9356049,210.8669089,0.542410976
1977,9,390.5337366,320.130556,0.476500016
1977,10,595.4965345,502.1153836,0.414732421
1977,11,802.7919013,688.3488554,0.376031414
1977,12,1085.716381,950.2353084,0.341703545
1977,13,1412.937318,1262.40925,0.313536877
1977,14,1692.893773,1538.292252,0.294725932
1977,15,2128.5639,1959.134062,0.274074776
1977,16,2410.021992,2248.081581,0.263933128
1977,17,2590.460101,2438.612821,0.25589651
1977,18,3159.713627,3001.54435,0.239804099
1977,19,3294.409391,3153.098198,0.235702155
1977,20,3504.718745,3374.093483,0.232437111
1977,21,3725.151314,3613.029124,0.226239836
1978,1,1.468496193,0.377733628,3.854621106
1978,2,6.21907541,3.019696848,2.07150982
1978,3,18.07567526,11.03694403,1.383850555
1978,4,39.56791014,26.90571189,1.04168468
1978,5,70.04014019,50.74473015,0.85191301
1978,6,103.8978032,77.95164873,0.740006589
1978,7,164.2583202,127.0402749,0.635313002
1978,8,269.5399791,215.1995349,0.538752833
1978,9,403.7965411,331.4438826,0.47147004
1978,10,574.3379568,481.6996258,0.420353392
1978,11,831.1579787,713.7233683,0.372360206
1978,12,1070.599063,934.4517997,0.34249049
1978,13,1385.053504,1232.45041,0.315350904
1978,14,1779.321395,1618.253039,0.2902145
1978,15,2068.757493,1898.371586,0.276354571
1978,16,2487.627804,2315.147749,0.260368609
1978,17,2801.801852,2638.135488,0.250424031
1978,18,2959.180585,2806.478772,0.245329411
1978,19,3487.615924,3334.820195,0.231614797
1978,20,3529.405407,3393.449785,0.232025691
1978,21,3765.708824,3648.567399,0.225558174
1979,1,1.45578057,0.374392069,3.891398283
1979,2,6.591493521,3.204463985,2.029205799
1979,3,20.01067657,12.29395911,1.332989326
1979,4,44.82040462,30.70417202,1.0032055
1979,5,74.35429742,53.94797998,0.837189876
1979,6,113.4043248,85.15085756,0.720517876
1979,7,171.6489157,132.7834077,0.625018031
1979,8,267.2009658,212.0079957,0.541618419
1979,9,412.2873432,338.3718024,0.468278108
1979,10,592.666719,497.5233104,0.416165306
1979,11,810.9520659,692.8782009,0.375947923
1979,12,1107.967787,966.9580357,0.339296825
1979,13,1375.000058,1219.283318,0.315660097
1979,14,1750.803204,1586.805951,0.291528347
1979,15,2160.606414,1984.647222,0.272682571
1979,16,2431.259956,2256.137604,0.262142586
1979,17,2886.297894,2711.595882,0.247371916
1979,18,3214.406423,3049.084588,0.239532497
1979,19,3258.433343,3111.13858,0.237080229
1979,20,3762.695203,3614.52556,0.227522449
1979,21,3803.510726,3681.038918,0.224942289
1980,1,1.623877239,0.419104194,3.730070835
1980,2,6.473399302,3.142935315,2.058714114
1980,3,21.17316082,13.0332672,1.307522454
1980,4,48.16229758,33.09312493,0.973610568
1980,5,83.03713381,60.66894385,0.809154997
1980,6,120.0714033,90.18325126,0.708342405
1980,7,186.950187,144.7230079,0.608687542
1980,8,278.3530121,221.0897589,0.533471144
1980,9,412.5550641,337.5782484,0.468832321
1980,10,604.4012844,507.3705529,0.413558254
1980,11,835.0087146,714.3075046,0.372395624
1980,12,1091.739185,948.5945739,0.34141324
1980,13,1425.189637,1261.876215,0.312665711
1980,14,1742.109811,1571.93186,0.291759486
1980,15,2135.787775,1955.13774,0.273578271
1980,16,2529.041115,2348.674644,0.258954956
1980,17,2829.953598,2651.205307,0.248855633
1980,18,3299.278517,3122.906404,0.237228454
1980,19,3535.862828,3376.657346,0.231542306
1980,20,3601.293658,3454.102199,0.230884466
1980,21,4040.437861,3907.260885,0.220837435
1981,1,1.823155043,0.473796222,3.600811728
1981,2,7.284369875,3.556232194,1.960665856
1981,3,21.15705536,13.00535686,1.319465554
1981,4,50.89501196,35.07291474,0.956027907
1981,5,89.05140044,65.2696942,0.786601721
1981,6,131.9944972,99.73587479,0.687757256
1981,7,197.8817175,153.2431588,0.598119252
1981,8,302.0518111,240.5729021,0.519584752
1981,9,427.7799757,350.5663819,0.462618135
1981,10,608.5894074,509.6166878,0.413216024
1981,11,850.5528589,727.6158993,0.370214611
1981,12,1121.900061,975.6099012,0.338425511
1981,13,1416.163265,1248.796332,0.313771943
1981,14,1819.539988,1636.445079,0.288446895
1981,15,2139.272009,1950.087381,0.273297099
1981,16,2516.427524,2329.623144,0.259318072
1981,17,2943.366705,2759.648293,0.245833506
1981,18,3247.796498,3065.801784,0.238435027
1981,19,3646.03598,3474.716961,0.228991434
1981,20,3919.218131,3759.174319,0.225138413
1981,21,3904.789085,3771.005928,0.223346977
1982,1,1.773773602,0.466438514,3.56023958
1982,2,8.038693887,3.957542317,1.904224773
1982,3,23.27089732,14.40499927,1.266990072
1982,4,51.73572154,35.70022949,0.959012571
1982,5,93.63929411,68.83440117,0.773602912
1982,6,141.9693609,107.6926221,0.669302276
1982,7,215.0324893,167.3825512,0.582568261
1982,8,318.9250562,254.4816413,0.510555005
1982,9,461.0738146,379.3006206,0.451278522
1982,10,626.8909897,526.2105656,0.408566978
1982,11,860.6227727,734.7711804,0.369247175
1982,12,1140.604626,992.840588,0.336564961
1982,13,1454.616869,1282.326408,0.311186277
1982,14,1822.949512,1633.807193,0.288662228
1982,15,2252.777228,2047.619424,0.269422861
1982,16,2544.538274,2345.350263,0.258425559
1982,17,2937.342454,2745.658704,0.245986207
1982,18,3346.85195,3161.799389,0.236259949
1982,19,3605.907211,3427.579673,0.229836056
1982,20,4043.812454,3871.179524,0.22287921
1982,21,4255.804945,4110.633776,0.217638559
1983,1,1.681680292,0.445394753,3.584024222
1983,2,8.145238459,4.011001591,1.853874864
1983,3,25.39220772,15.85827658,1.233960282
1983,4,55.61184171,38.59928774,0.928835573
1983,5,94.65566833,69.60491056,0.776131327
1983,6,148.7571328,113.1799066,0.658865652
1983,7,229.8121477,179.583913,0.56875599
1983,8,343.2829019,275.3732031,0.498442397
1983,9,484.548982,399.5452058,0.443952328
1983,10,668.695502,564.4941363,0.399517991
1983,11,879.8749531,753.3769696,0.365975204
1983,12,1156.507103,1006.486424,0.335248351
1983,13,1475.310975,1302.001414,0.309678092
1983,14,1873.659401,1677.823731,0.286286416
1983,15,2276.998759,2062.291097,0.268887713
1983,16,2696.868197,2477.330844,0.254259861
1983,17,2978.556179,2772.26937,0.244992136
1983,18,3356.297605,3161.615111,0.236100936
1983,19,3726.279841,3544.567012,0.227489142
1983,20,4024.477346,3842.931382,0.223329364
1983,21,4379.070587,4222.036527,0.215704969
1984,1,1.665438436,0.443439026,3.582132864
1984,2,7.97083026,3.926209558,1.844964353
1984,3,25.34312607,15.82722192,1.21532855
1984,4,59.88532309,41.96408379,0.90784485
1984,5,100.9856289,74.76952645,0.754543789
1984,6,148.7225106,113.0484439,0.661965521
1984,7,239.6714943,187.8934919,0.560708301
1984,8,363.3503262,292.8334164,0.488267392
1984,9,516.1825758,428.0895672,0.434592644
1984,10,697.7303532,591.1396611,0.393684517
1984,11,925.3865895,798.2190385,0.359221365
1984,12,1174.879849,1025.501096,0.333003442
1984,13,1494.190426,1320.332158,0.308411535
1984,14,1893.63821,1698.364948,0.285180671
1984,15,2343.550146,2120.781211,0.266576973
1984,16,2746.747882,2514.667444,0.25315528
1984,17,3181.750718,2951.894055,0.240416812
1984,18,3436.139789,3223.615838,0.234532175
1984,19,3753.150031,3560.222765,0.227059179
1984,20,4100.084138,3917.532194,0.222042411
1984,21,4363.206176,4196.794941,0.216077786
1985,1,1.654761315,0.442204377,3.580150772
1985,2,7.953071156,3.929728997,1.838854929
1985,3,24.44556868,15.25543749,1.218704846
1985,4,59.44382195,41.70646474,0.900505229
1985,5,106.7798894,79.76612663,0.741437233
1985,6,158.4178578,121.3933142,0.644909146
1985,7,239.6147287,187.6317177,0.562408599
1985,8,376.4086826,304.4305382,0.482354451
1985,9,540.1780576,450.5996293,0.427278894
1985,10,734.5523658,626.2149673,0.386660301
1985,11,956.4261588,828.8931709,0.35488192
1985,12,1217.94433,1070.837034,0.328343308
1985,13,1509.204932,1337.727399,0.30692453
1985,14,1911.536206,1718.635932,0.284189363
1985,15,2355.017438,2134.621808,0.266024901
1985,16,2832.260871,2590.251833,0.25086445
1985,17,3260.500181,3015.047692,0.23891517
1985,18,3699.522726,3459.851029,0.22955641
1985,19,3859.174292,3646.292538,0.225315482
1985,20,4163.101776,3967.282715,0.221118245
1985,21,4470.201,4302.811336,0.21443568
1986,1,1.497402477,0.398883226,3.689830696
1986,2,7.964613164,3.945556253,1.831877674
1986,3,24.17126847,15.11852188,1.219587715
1986,4,56.97026537,39.90181201,0.907173337
1986,5,106.2722815,79.5877704,0.736601591
1986,6,163.8662177,126.6873535,0.637735999
1986,7,252.0258686,198.9915612,0.550951144
1986,8,377.4729908,305.1168514,0.48273465
1986,9,555.5999384,465.042276,0.423092931
1986,10,758.4775609,650.7892476,0.381776626
1986,11,993.6915432,867.0008971,0.349885422
1986,12,1247.051295,1101.385989,0.325341209
1986,13,1543.519292,1377.667348,0.303947553
1986,14,1915.565933,1726.742732,0.283585854
1986,15,2366.163415,2149.798267,0.265496397
1986,16,2833.200655,2595.442812,0.250670201
1986,17,3368.024564,3111.273532,0.236631632
1986,18,3828.588336,3568.781997,0.22742699
1986,19,4178.98064,3936.527671,0.220130468
1986,20,4353.338561,4133.211286,0.218360778
1986,21,4535.979254,4355.330123,0.213608146
1987,1,1.396775413,0.369708042,3.785647354
1987,2,7.196171526,3.564575311,1.888776044
1987,3,23.97257003,15.02337557,1.219318255
1987,4,55.98667014,39.29295082,0.910298644
1987,5,102.5251158,76.75582204,0.741701173
1987,6,164.8463149,128.2249668,0.63213771
1987,7,256.0952702,203.888341,0.547649495
1987,8,390.7070456,318.1294109,0.475929223
1987,9,558.6958768,467.0713624,0.422832762
1987,10,774.4599897,666.7882469,0.378898389
1987,11,1011.135807,888.7328765,0.34702442
1987,12,1278.80392,1136.951781,0.322063754
1987,13,1567.09702,1404.769411,0.301980742
1987,14,1931.220499,1750.334438,0.282231712
1987,15,2354.691122,2144.986918,0.265533138
1987,16,2831.947035,2601.218266,0.25054054
1987,17,3361.313382,3110.183361,0.236615203
1987,18,3964.274211,3691.202802,0.225101524
1987,19,4343.774117,4078.874878,0.217804682
1987,20,4749.532875,4495.338696,0.212844619
1987,21,4722.089575,4517.725602,0.211291435
1988,1,1.585050589,0.415063027,3.716138982
1988,2,6.556208273,3.238893628,1.95652634
1988,3,21.54056101,13.4898869,1.258309804
1988,4,55.1032007,38.72335933,0.912627015
1988,5,100.4244516,75.3657023,0.7453704
1988,6,160.75866,125.3529233,0.634889427
1988,7,255.5907163,205.1312377,0.545025531
1988,8,391.778415,321.2729296,0.475024749
1988,9,569.8793873,479.8399288,0.419105895
1988,10,780.7121519,671.5251174,0.378174148
1988,11,1025.117448,904.1374904,0.34517568
1988,12,1282.624174,1148.7735,0.320926548
1988,13,1586.791191,1431.767966,0.300125201
1988,14,1942.221891,1765.991243,0.281331431
1988,15,2343.414779,2147.063231,0.265313962
1988,16,2803.706147,2581.606379,0.251016541
1988,17,3346.096009,3103.997416,0.236796312
1988,18,3925.141833,3660.907258,0.225635435
1988,19,4505.589235,4226.460895,0.215464849
1988,20,4998.830165,4715.976222,0.209810139
1988,21,5179.651552,4941.628291,0.205598763
1989,1,1.948887862,0.515122789,3.499377168
1989,2,7.013919923,3.471602053,1.964454248
1989,3,19.71368344,12.31451775,1.29762606
1989,4,49.17833246,34.41967738,0.943610587
1989,5,98.7188188,74.21023964,0.747881501
1989,6,156.6485643,122.5931155,0.639138709
1989,7,248.6918872,200.2304187,0.548341616
1989,8,385.2087925,317.823098,0.475960447
1989,9,565.3237378,478.8641789,0.419727559
1989,10,786.130178,680.5175929,0.37660395
1989,11,1034.436311,912.0178227,0.34425958
1989,12,1291.900032,1160.738639,0.319896297
1989,13,1569.521545,1426.218289,0.300439899
1989,14,1940.327935,1774.743999,0.280828065
1989,15,2336.613657,2148.27888,0.265162024
1989,16,2759.661718,2554.304707,0.251735135
1989,17,3292.517932,3061.469546,0.237722539
1989,18,3884.127614,3632.141145,0.226206694
1989,19,4459.097157,4189.546926,0.215982645
1989,20,5202.674487,4902.665212,0.207355029
1989,21,5464.888679,5197.840976,0.202522309
1990,1,2.522998547,0.682524117,3.203066236
1990,2,8.373977722,4.20573375,1.864030156
1990,3,21.6465659,13.56239208,1.285340997
1990,4,44.80175797,31.2248494,0.972120309
1990,5,88.69747213,66.48737236,0.771995078
1990,6,153.8542019,120.7134314,0.641682846
1990,7,240.5737029,194.3639328,0.553481752
1990,8,372.7872045,308.1177998,0.48027145
1990,9,549.9702339,467.6540815,0.42265879
1990,10,773.648257,672.96981,0.378190442
1990,11,1031.372121,913.85238,0.344116491
1990,12,1304.177521,1171.185237,0.31897354
1990,13,1571.455187,1432.268214,0.300046498
1990,14,1896.110192,1744.444609,0.28232677
1990,15,2305.039079,2131.757435,0.265736202
1990,16,2733.348557,2537.600468,0.252163714
1990,17,3203.771445,2993.827676,0.23928284
1990,18,3798.854998,3560.610686,0.227547646
1990,19,4395.990671,4140.593678,0.216768606
1990,20,5089.315934,4803.761242,0.208573789
1990,21,5694.689738,5410.643153,0.200079747
1991,1,3.03218689,0.844395091,2.996711234
1991,2,10.56571223,5.427493552,1.716293305
1991,3,25.31961911,16.1284984,1.223999742
1991,4,49.98091618,35.01568374,0.953722056
1991,5,81.41059418,60.71983724,0.793230562
1991,6,138.688737,108.5525173,0.662422791
1991,7,235.1943506,190.504748,0.556695568
1991,8,359.0831453,297.3635922,0.485771878
1991,9,530.5501379,451.6839668,0.427215415
1991,10,749.2716551,652.5126016,0.381919125
1991,11,1009.219243,897.3887713,0.346305564
1991,12,1289.630322,1163.472609,0.31974474
1991,13,1588.984181,1446.425273,0.299076292
1991,14,1888.563452,1741.890558,0.282457924
1991,15,2229.937056,2073.734632,0.26803846
1991,16,2665.776855,2488.725569,0.253638161
1991,17,3149.485692,2951.659637,0.24026919
1991,18,3649.136495,3437.791031,0.229971483
1991,19,4280.779431,4041.018936,0.218362244
1991,20,4970.999705,4705.024412,0.20988441
1991,21,5581.463134,5311.532789,0.201115879
1992,1,2.646295482,0.733922097,3.112637001
1992,2,12.21777638,6.425275404,1.629894226
1992,3,30.66395283,20.00165766,1.141679241
1992,4,57.02371562,40.62558296,0.913554263
1992,5,89.14109579,66.68994154,0.780864233
1992,6,128.1935429,99.7232484,0.679704785
1992,7,212.7052626,171.6781669,0.574768671
1992,8,349.6357014,290.0751959,0.489452535
1992,9,510.290046,435.0290506,0.432456119
1992,10,722.7303308,629.2674758,0.386383684
1992,11,979.5086859,869.644497,0.349926056
1992,12,1255.377924,1135.907886,0.322362147
1992,13,1556.413203,1424.439802,0.300638859
1992,14,1910.089497,1758.963582,0.281531167
1992,15,2211.561867,2061.448541,0.268532241
1992,16,2552.328394,2395.129167,0.256697481
1992,17,3037.581578,2861.825324,0.24253724
1992,18,3557.321293,3361.18899,0.231537077
1992,19,4076.531945,3866.663,0.221305743
1992,20,4815.457266,4568.171428,0.211778768
1992,21,5449.521658,5198.697281,0.202394247
1993,1,2.392947161,0.662407429,3.190487483
1993,2,10.905884,5.690406046,1.681935648
1993,3,34.07452388,22.71664687,1.098019364
1993,4,66.17384908,48.29395182,0.863819441
1993,5,98.69055463,75.00995162,0.753967386
1993,6,135.4883576,105.3352043,0.675144872
1993,7,198.4290575,159.1610763,0.588077779
1993,8,318.9279864,263.4381036,0.504457133
1993,9,495.5947989,423.1733413,0.436220497
1993,10,696.1213645,606.2440693,0.391195233
1993,11,947.8545254,840.4350564,0.353907832
1993,12,1224.340405,1105.204397,0.32543405
1993,13,1506.268967,1382.837569,0.30364792
1993,14,1859.921538,1722.217354,0.283533868
1993,15,2234.936721,2080.949897,0.267677436
1993,16,2520.815808,2370.598783,0.257514691
1993,17,2888.046612,2733.657145,0.246032479
1993,18,3390.6573,3220.317179,0.234587763
1993,19,3953.740105,3760.468063,0.2231912
1993,20,4519.96369,4310.091457,0.215566703
1993,21,5252.263616,5020.956921,0.204556057
1994,1,3.03814888,0.844688179,3.00946519
1994,2,10.27032787,5.31481944,1.697690091
1994,3,30.93948342,20.46712229,1.131675739
1994,4,70.80085832,52.68651992,0.841236916
1994,5,110.0436231,85.54382872,0.721781344
1994,6,146.4020428,115.2718945,0.656417632
1994,7,208.5832364,166.8830008,0.583774174
1994,8,300.4291391,247.0180642,0.514215465
1994,9,456.3604789,388.4760127,0.448358758
1994,10,675.3956712,588.8309378,0.394895685
1994,11,916.1457362,811.651237,0.35814012
1994,12,1189.18506,1071.749448,0.328881591
1994,13,1475.837327,1351.900936,0.306211111
1994,14,1795.749109,1668.408012,0.286574336
1994,15,2169.644701,2029.29359,0.269899545
1994,16,2551.359182,2396.087662,0.2565975
1994,17,2841.862579,2695.275836,0.24710488
1994,18,3202.352887,3054.553466,0.238470022
1994,19,3734.585036,3569.287566,0.226784088
1994,20,4348.618922,4158.628928,0.217941266
1994,21,4890.188596,4696.627059,0.208758735
1995,1,3.986684361,1.1323728,2.788992158
1995,2,12.32766925,6.458719833,1.633588293
1995,3,29.48917367,19.34828998,1.143989359
1995,4,65.69765682,48.57289869,0.863523386
1995,5,113.7561149,90.00675677,0.710944134
1995,6,158.681426,127.4752409,0.634237425
1995,7,221.2121455,178.7220011,0.570821782
1995,8,318.174574,261.2447379,0.507928044
1995,9,433.0633151,367.359643,0.455750163
1995,10,627.897806,545.9786085,0.404926637
1995,11,889.0000896,788.0005205,0.361682517
1995,12,1153.582648,1038.395261,0.332591448
1995,13,1437.769159,1315.177541,0.309275028
1995,14,1774.755131,1646.722086,0.288235665
1995,15,2090.815849,1961.141531,0.272977962
1995,16,2459.847129,2320.904299,0.259258502
1995,17,2875.197298,2723.828269,0.246243407
1995,18,3144.581103,3004.598866,0.239672792
1995,19,3501.497018,3360.295428,0.23104553
1995,20,4054.918513,3897.045041,0.222312709
1995,21,4674.755944,4501.555596,0.211493866
1996,1,2.730792325,0.749212651,3.07859372
1996,2,15.30022368,8.205613098,1.540945588
1996,3,35.56062282,23.69056654,1.094933444
1996,4,63.92068962,46.94856251,0.870612842
1996,5,106.4944072,83.85054082,0.728037873
1996,6,158.4541695,129.4355946,0.631770356
1996,7,232.6202145,191.1118217,0.557456494
1996,8,331.4438479,274.3111812,0.499366844
1996,9,460.7356264,390.8409525,0.448454126
1996,10,598.4299671,519.2255373,0.410778934
1996,11,833.9090341,737.2576995,0.370057957
1996,12,1120.01823,1008.290445,0.335995302
1996,13,1397.945049,1277.84622,0.312675102
1996,14,1740.723168,1613.34674,0.290592124
1996,15,2088.355443,1954.208518,0.273789364
1996,16,2359.077926,2232.463802,0.262591347
1996,17,2758.461144,2624.216743,0.249188822
1996,18,3170.516858,3026.831632,0.239095639
1996,19,3424.791656,3292.19612,0.232492389
1996,20,3763.35957,3631.600299,0.227182201
1996,21,4329.972362,4187.958746,0.216203097
1997,1,2.414528629,0.65360939,3.18062883
1997,2,11.74622028,6.072716479,1.63121513
1997,3,43.04562095,29.34541844,1.036662539
1997,4,76.6102498,57.23413562,0.831812665
1997,5,104.8662748,82.16405691,0.731768215
1997,6,148.5428333,120.9454181,0.64636971
1997,7,225.5007701,187.7524542,0.561051553
1997,8,338.3711608,283.5314433,0.492990401
1997,9,471.3349638,403.0954308,0.443217467
1997,10,637.0526122,553.511571,0.403369711
1997,11,795.5814676,702.8576935,0.375020529
1997,12,1057.348563,949.9948866,0.343266815
1997,13,1357.016782,1241.007501,0.316048146
1997,14,1700.229471,1575.461528,0.293415544
1997,15,2064.21833,1928.325585,0.27547089
1997,16,2371.763109,2240.137899,0.262885269
1997,17,2638.489484,2516.8919,0.252605096
1997,18,3054.167511,2925.653979,0.241644733
1997,19,3461.813729,3324.805892,0.231773223
1997,20,3678.386897,3554.645462,0.228662825
1997,21,4025.607992,3906.61587,0.220846772
1998,1,2.794521433,0.755827419,3.053511685
1998,2,10.94738252,5.580113538,1.654433776
1998,3,33.61521392,22.07701396,1.097435301
1998,4,90.10169377,68.84018976,0.792251774
1998,5,121.2668559,96.37423538,0.704546468
1998,6,148.0077224,120.1844622,0.646960055
1998,7,212.3091969,176.167371,0.573421829
1998,8,321.871411,271.8610334,0.499945245
1998,9,469.0908363,405.6324109,0.441385674
1998,10,638.7904252,559.5381273,0.401066332
1998,11,843.2445529,747.2672787,0.368094185
1998,12,1008.855885,906.4420675,0.347689552
1998,13,1285.15291,1174.126813,0.322762774
1998,14,1652.938609,1532.386969,0.296534774
1998,15,2028.615727,1893.853005,0.277676351
1998,16,2354.937052,2220.834008,0.264208595
1998,17,2669.422567,2541.636601,0.252413963
1998,18,2921.341638,2805.092084,0.244912222
1998,19,3301.070804,3181.275215,0.234961904
1998,20,3709.636362,3582.104588,0.228122606
1998,21,3923.662081,3812.650948,0.222483445
1999,1,3.986970424,1.121368807,2.791642626
1999,2,12.40933564,6.363258118,1.596596809
1999,3,31.17978408,20.1628851,1.115333155
1999,4,72.32707226,53.19142702,0.835681698
1999,5,137.0617291,110.9708999,0.677781745
1999,6,164.4064518,134.6673176,0.629180659
1999,7,212.8425553,176.343061,0.573031669
1999,8,306.147222,257.2555295,0.509720341
1999,9,441.1641844,383.7568899,0.449459946
1999,10,621.2439178,549.0785913,0.402653605
1999,11,829.9894689,740.7401031,0.368171924
1999,12,1061.457738,957.1959193,0.341574065
1999,13,1226.835451,1120.244557,0.32677701
1999,14,1576.044103,1460.148144,0.302271531
1999,15,1978.292889,1847.228567,0.280412535
1999,16,2321.138004,2188.051473,0.266169175
1999,17,2665.923385,2534.400695,0.253267153
1999,18,3004.503558,2877.747729,0.243391401
1999,19,3140.745587,3033.624883,0.238551498
1999,20,3562.797726,3449.747388,0.230752525
1999,21,3943.797292,3830.318606,0.222176617
2000,1,3.092192006,0.867666517,2.980963222
2000,2,15.51243903,8.295875338,1.528217083
2000,3,35.19543125,22.94394861,1.075850436
2000,4,66.84288721,48.3289578,0.850589873
2000,5,118.7712961,93.16051041,0.701845868
2000,6,179.9311577,149.3514586,0.610485802
2000,7,232.1004945,193.6155029,0.559207933
2000,8,307.7961712,258.2773796,0.509215458
2000,9,424.9293507,367.7086544,0.456405235
2000,10,581.1321193,515.2008606,0.411202331
2000,11,793.3684037,712.2271885,0.372041359
2000,12,1028.294086,933.9903928,0.343283042
2000,13,1281.656086,1174.14724,0.32134243
2000,14,1502.320924,1390.421465,0.306118392
2000,15,1899.428695,1772.359666,0.285189834
2000,16,2265.674423,2136.332788,0.268809568
2000,17,2631.368958,2500.493084,0.255039095
2000,18,3031.983562,2898.757192,0.243303459
2000,19,3228.27275,3111.836105,0.237196283
2000,20,3386.945948,3286.157523,0.234280583
2000,21,3775.748707,3675.769812,0.224966423
2001,1,4.101740689,1.181624269,2.762280039
2001,2,12.5528676,6.6429273,1.607654376
2001,3,43.22586988,29.46605073,1.028581849
2001,4,74.54358472,54.43486722,0.821993184
2001,5,113.9886947,88.04769137,0.70758223
2001,6,169.8128403,137.8486022,0.618201973
2001,7,249.2550664,209.7319285,0.545617099
2001,8,332.0083447,280.4630711,0.497771819
2001,9,428.3957707,370.1183172,0.455714256
2001,10,568.116257,500.6183006,0.415811962
2001,11,742.4775478,666.5157148,0.380317575
2001,12,971.2387468,886.9707346,0.348305563
2001,13,1222.543194,1129.224123,0.324291701
2001,14,1553.591127,1442.519514,0.301690101
2001,15,1808.017093,1686.215074,0.28888412
2001,16,2180.840618,2055.320035,0.273246163
2001,17,2568.341003,2441.086287,0.257581008
2001,18,3017.725155,2883.481688,0.244216875
2001,19,3261.809717,3139.170138,0.237133566
2001,20,3562.732384,3446.869329,0.231175589
2001,21,3588.444049,3499.571399,0.228425794
2002,1,3.184526474,0.896849894,2.921871447
2002,2,15.40587504,8.373402748,1.531655467
2002,3,35.34198257,23.78686211,1.085819718
2002,4,88.65100381,67.81634571,0.788622647
2002,5,124.8171318,97.25471049,0.687013506
2002,6,170.2701418,136.7955253,0.616210739
2002,7,245.6880451,203.5059854,0.54646153
2002,8,351.5312209,298.6283393,0.487794215
2002,9,457.4896767,397.4726076,0.446506992
2002,10,574.8318264,505.5420188,0.414827405
2002,11,737.225648,657.5339811,0.382734424
2002,12,910.3588085,831.23929,0.355996732
2002,13,1140.822877,1061.168893,0.33017744
2002,14,1453.08676,1360.58291,0.306303415
2002,15,1845.468134,1728.012917,0.285631555
2002,16,2076.576818,1955.812697,0.276682677
2002,17,2480.913762,2356.784772,0.261506749
2002,18,2959.717053,2828.345749,0.246139438
2002,19,3239.080207,3115.783483,0.238321396
2002,20,3642.193884,3516.97279,0.230097176
2002,21,3769.971356,3668.191958,0.225406642
2003,1,3.104979671,0.869990561,2.917014177
2003,2,13.18798313,6.971414136,1.566531081
2003,3,42.21812369,29.15638911,1.035724429
2003,4,74.39176802,56.14308461,0.830933388
2003,5,135.2976918,109.6119704,0.674183041
2003,6,183.7593713,148.5081468,0.60096849
2003,7,250.8419538,206.4443968,0.542098834
2003,8,353.4161099,297.116869,0.486000354
2003,9,477.7886226,417.6167049,0.439166297
2003,10,607.4705067,537.6188153,0.407367265
2003,11,748.7291038,666.8697106,0.38132279
2003,12,915.605082,831.2940365,0.356691142
2003,13,1068.232707,994.9240806,0.337589327
2003,14,1334.204911,1259.257205,0.313398529
2003,15,1689.89675,1594.978642,0.291994681
2003,16,2098.826619,1984.183484,0.274164752
2003,17,2362.653343,2243.045502,0.264773197
2003,18,2876.87438,2748.023604,0.249070802
2003,19,3169.096075,3048.800973,0.240494365
2003,20,3659.436189,3531.346363,0.230224262
2003,21,3865.562587,3754.977317,0.224087474
2004,1,3.72250271,1.074695494,2.763881838
2004,2,13.43248167,7.088644138,1.536513928
2004,3,36.53366669,24.50966267,1.064377622
2004,4,85.8610365,66.38888187,0.796995487
2004,5,116.2675557,93.27093773,0.70674264
2004,6,180.6910225,149.9301565,0.605416541
2004,7,268.2981604,221.6406824,0.530194133
2004,8,363.0822036,304.3280085,0.481185873
2004,9,486.0493683,421.7009395,0.436278001
2004,10,624.6213995,555.8481436,0.402590066
2004,11,781.8056026,700.6659388,0.375638399
2004,12,931.782382,845.1493207,0.355031283
2004,13,1085.940424,1006.088588,0.337086585
2004,14,1250.40457,1183.550301,0.320253133
2004,15,1528.287066,1452.24021,0.300344224
2004,16,1888.488969,1799.317774,0.281757601
2004,17,2367.760575,2256.071829,0.262985068
2004,18,2732.016756,2608.729734,0.25255212
2004,19,3079.717187,2961.59852,0.243534217
2004,20,3604.616704,3478.669753,0.231654673
2004,21,3870.366477,3757.601845,0.224390276
2005,1,3.012568169,0.856566876,2.96698538
2005,2,15.76129443,8.484866203,1.459600325
2005,3,36.1153707,24.17181902,1.054673465
2005,4,76.025255,57.18496073,0.818574237
2005,5,128.5657035,105.0710912,0.685022565
2005,6,158.4487431,130.7825243,0.630627097
2005,7,250.8587744,211.3715645,0.541045473
2005,8,385.5494459,324.0657248,0.471583562
2005,9,501.0636688,433.7312493,0.431707855
2005,10,639.9788484,566.0115716,0.399090583
2005,11,792.4571889,713.7892066,0.372908618
2005,12,961.0704568,877.0931829,0.350906199
2005,13,1108.016105,1024.499485,0.33525125
2005,14,1285.651117,1212.258771,0.318441139
2005,15,1432.671292,1364.122285,0.306962476
2005,16,1685.124914,1616.668557,0.291058936
2005,17,2100.775756,2015.970396,0.271550126
2005,18,2689.815148,2578.673832,0.252470268
2005,19,2931.407596,2817.848021,0.246634326
2005,20,3517.730226,3394.016431,0.233881397
2005,21,3801.977624,3691.343935,0.225922779
2006,1,2.728781548,0.763911817,3.047326107
2006,2,13.20498199,6.973934008,1.550007038
2006,3,41.75908107,28.57658197,1.00853655
2006,4,73.01093232,54.63756817,0.819054609
2006,5,120.2890856,96.13582409,0.695272559
2006,6,169.1584403,141.2813046,0.617241193
2006,7,222.8555856,186.8514121,0.562012299
2006,8,350.0885454,298.8829869,0.48500409
2006,9,527.7836073,458.545916,0.423930819
2006,10,661.3870268,583.953553,0.39459973
2006,11,815.6974325,732.0630561,0.369019812
2006,12,961.5443391,882.5452307,0.349598562
2006,13,1129.084354,1050.39753,0.332386037
2006,14,1317.965447,1240.09111,0.316247625
2006,15,1487.651945,1411.205275,0.3042289
2006,16,1574.424588,1514.204938,0.297790579
2006,17,1850.588439,1786.761543,0.281741198
2006,18,2335.917821,2254.665001,0.262637208
2006,19,2878.147317,2776.451302,0.246510862
2006,20,3331.149431,3213.911503,0.237415262
2006,21,3719.955714,3610.55832,0.227821304
2007,1,2.723093784,0.763021497,3.050628315
2007,2,12.10860427,6.323585724,1.591413801
2007,3,36.27560046,24.35563508,1.060785105
2007,4,83.04373072,63.84649655,0.78658216
2007,5,117.4733205,93.6294071,0.693824126
2007,6,167.3544103,138.0498307,0.617489058
2007,7,233.401135,197.357945,0.55285953
2007,8,314.3975341,266.8296855,0.502740536
2007,9,468.6400282,412.1573715,0.438845616
2007,10,689.1586334,610.8502629,0.388647476
2007,11,843.1623224,756.7841641,0.364727805
2007,12,995.7803173,910.4344192,0.34543304
2007,13,1115.756348,1044.394764,0.332131339
2007,14,1324.739667,1253.727098,0.314742809
2007,15,1530.92261,1449.30148,0.301785238
2007,16,1647.391317,1579.27129,0.294384764
2007,17,1726.460972,1670.477497,0.288413266
2007,18,2035.09161,1975.037931,0.273502544
2007,19,2479.019711,2406.07818,0.257052396
2007,20,3195.510124,3095.380469,0.239369974
2007,21,3532.535044,3427.926105,0.231127296
2008,1,2.914934934,0.816876296,3.002536002
2008,2,11.60243228,6.094506817,1.618412446
2008,3,33.49677269,22.216843,1.085126203
2008,4,75.11855932,56.81309459,0.817568572
2008,5,127.7139787,104.0784193,0.67425992
2008,6,167.8313204,138.5763843,0.612965516
2008,7,236.0563036,198.3427747,0.550155907
2008,8,324.2672393,277.2046496,0.496661647
2008,9,424.9339056,371.9754123,0.453579036
2008,10,600.4123019,538.5388396,0.40451785
2008,11,868.0737691,782.3561315,0.360446195
2008,12,1030.733979,941.766161,0.341473957
2008,13,1166.29499,1085.929734,0.327501115
2008,14,1288.235235,1226.715821,0.316067894
2008,15,1516.170876,1443.840647,0.301606517
2008,16,1701.940526,1627.979859,0.291677956
2008,17,1816.789562,1753.054177,0.284524872
2008,18,1901.103527,1848.351474,0.279658317
2008,19,2138.054014,2085.272022,0.26860757
2008,20,2680.203446,2612.12209,0.25183905
2008,21,3387.272546,3298.276722,0.233202586
2009,1,4.475910938,1.320788609,2.608925869
2009,2,12.11997096,6.40169765,1.603669172
2009,3,31.80118961,21.19202231,1.102289801
2009,4,69.83316654,52.08382384,0.834788106
2009,5,118.6978016,95.34181481,0.694426154
2009,6,178.0039389,149.1623336,0.59973226
2009,7,237.2920793,199.4746306,0.546994442
2009,8,329.940077,281.3071636,0.493584399
2009,9,431.9634412,380.450757,0.450200461
2009,10,549.8427131,490.5269822,0.417152644
2009,11,743.5020126,676.2951009,0.37730679
2009,12,1050.593045,964.439619,0.338386572
2009,13,1211.948629,1125.735474,0.3237553
2009,14,1356.250269,1283.226111,0.311172138
2009,15,1446.691713,1385.663153,0.304809393
2009,16,1664.695737,1601.001952,0.292526353
2009,17,1885.473652,1815.84084,0.281514409
2009,18,2017.88097,1956.756994,0.275022055
2009,19,1988.887827,1942.911369,0.275157437
2009,20,2289.181007,2241.13794,0.263956698
2009,21,2837.995285,2777.83613,0.245569433
2010,1,4.856323018,1.515095918,2.455934368
2010,2,16.82837721,9.373099838,1.437703778
2010,3,33.09188245,22.16641862,1.090796021
2010,4,65.38759783,48.82381144,0.850349439
2010,5,113.2245743,89.85118853,0.704556052
2010,6,168.8321702,139.7888661,0.61277124
2010,7,247.2359703,210.0473879,0.53822011
2010,8,330.4461654,281.7013194,0.491902837
2010,9,440.6343851,387.2923399,0.447360488
2010,10,550.3334593,493.9801216,0.416032639
2010,11,689.1581631,623.5608343,0.38778147
2010,12,884.6536729,819.3935148,0.356049494
2010,13,1224.227273,1142.6152,0.321620109
2010,14,1416.186041,1334.463092,0.307415699
2010,15,1539.437609,1465.639187,0.299156072
2010,16,1565.801849,1513.987827,0.296937044
2010,17,1824.397987,1765.614678,0.283271008
2010,18,2102.581043,2034.868705,0.271783495
2010,19,2116.509863,2063.001795,0.270377594
2010,20,2130.406156,2088.65551,0.270079159
2010,21,2409.188224,2367.047046,0.257935442
2011,1,4.685637965,1.471475066,2.475394317
2011,2,18.4120532,10.63937649,1.352913553
2011,3,42.06266943,29.50863804,1.00192499
2011,4,67.738315,50.75378522,0.841883605
2011,5,105.7388091,83.93403408,0.718547823
2011,6,164.7172766,135.1491673,0.618172531
2011,7,239.1318432,201.2933276,0.54588275
2011,8,337.7072431,289.8077329,0.487415404
2011,9,439.0860099,386.7855127,0.446490896
2011,10,562.9007863,504.0936739,0.41313832
2011,11,679.158717,618.1784323,0.388682304
2011,12,826.6556962,762.5846152,0.364889501
2011,13,1011.060622,953.5142896,0.340177997
2011,14,1406.661354,1331.87735,0.306883968
2011,15,1624.828371,1540.86131,0.29462999
2011,16,1687.426887,1621.941702,0.29037993
2011,17,1703.235432,1655.833973,0.288396954
2011,18,2002.56746,1947.349302,0.274989655
2011,19,2212.660379,2153.113915,0.266912258
2011,20,2294.142252,2243.859736,0.264322829
2011,21,2242.48266,2205.834562,0.263872114
2012,1,2.823979453,0.855495938,2.938508354
2012,2,17.5961998,10.23879604,1.368607114
2012,3,43.09378138,31.05655872,0.976249574
2012,4,79.34633402,61.6806357,0.7932282
2012,5,108.7346834,86.55492651,0.712802797
2012,6,153.2350706,125.6243311,0.631819687
2012,7,236.5820135,197.9478034,0.548298937
2012,8,332.3150847,282.9736296,0.49137982
2012,9,441.3495945,390.8231521,0.445004763
2012,10,556.9898962,499.757986,0.413283737
2012,11,696.3343445,633.2436462,0.385552228
2012,12,803.4696516,745.6256445,0.367342107
2012,13,950.8970366,893.2039013,0.347792329
2012,14,1142.087797,1092.787555,0.326199848
2012,15,1589.64828,1514.545403,0.295490414
2012,16,1799.839277,1722.718571,0.285233731
2012,17,1848.805889,1788.025134,0.281366355
2012,18,1831.335611,1788.443392,0.28212078
2012,19,2095.555531,2047.504325,0.270432377
2012,20,2411.259016,2353.838579,0.260517427
2012,21,2410.002561,2366.426586,0.258304531
2013,1,3.232173955,0.9685063,2.941698058
2013,2,10.67732015,6.031610433,1.625172424
2013,3,41.03787143,29.65144454,0.991562159
2013,4,78.85407799,62.66875499,0.789099134
2013,5,119.245929,98.08122036,0.686482011
2013,6,156.4192555,128.3906463,0.62819516
2013,7,219.9227187,184.0658222,0.560479777
2013,8,331.4256898,281.4039609,0.49203698
2013,9,441.3735811,387.7491205,0.44631132
2013,10,550.2983477,495.8921328,0.414131598
2013,11,684.2652,623.7273193,0.386454984
2013,12,826.1423185,765.3376285,0.364175694
2013,13,913.3245191,862.6563399,0.35138153
2013,14,1088.438695,1038.12498,0.332171283
2013,15,1264.298824,1216.702617,0.316022035
2013,16,1744.379392,1676.843372,0.286880308
2013,17,1980.49704,1908.009951,0.276005414
2013,18,2014.142992,1957.326637,0.274116533
2013,19,1916.357395,1879.003381,0.277420143
2013,20,2240.36181,2196.267723,0.265750419
2013,21,2536.311219,2486.850228,0.254439314
2014,1,4.999125797,1.52198095,2.5845563
2014,2,11.05893659,6.298234522,1.693486729
2014,3,26.49405133,18.69998859,1.150319155
2014,4,75.68946624,60.1181434,0.802239197
2014,5,113.8606711,95.64560251,0.694646451
2014,6,160.3971105,135.6020043,0.618492991
2014,7,224.0080997,187.7517279,0.557505689
2014,8,307.0773217,261.5753156,0.503131581
2014,9,442.3558397,387.7033148,0.446244733
2014,10,559.4355296,500.2522025,0.413198588
2014,11,666.044306,608.9167628,0.38910243
2014,12,808.2470278,750.5736063,0.365543989
2014,13,944.1881761,888.7085282,0.348056797
2014,14,1030.191212,987.2446111,0.337227942
2014,15,1213.024623,1163.768552,0.321250967
2014,16,1358.321869,1318.103069,0.308748119
2014,17,1893.547104,1831.316509,0.278777554
2014,18,2191.927178,2122.13919,0.267509819
2014,19,2118.216972,2068.438998,0.269084243
2014,20,1985.66464,1953.728532,0.275594548
2014,21,2352.934065,2314.907007,0.25981086
2015,1,10.06570528,3.167228228,2.082435814
2015,2,16.46031495,9.587892793,1.500444891
2015,3,28.1057409,20.00619417,1.172739181
2015,4,51.35212438,39.90963649,0.914225261
2015,5,108.7325235,91.29727952,0.708586602
2015,6,145.7928459,126.22451,0.635390269
2015,7,217.1523774,186.9315979,0.558960833
2015,8,311.2821054,266.1509895,0.500910077
2015,9,407.5248041,358.241386,0.45725549
2015,10,562.5959061,502.4086838,0.412609976
2015,11,687.551832,624.1521367,0.386310123
2015,12,779.0821737,726.101852,0.36894306
2015,13,920.3529938,868.2181811,0.34990619
2015,14,1074.589397,1025.06544,0.33326002
2015,15,1128.951837,1088.1315,0.327988718
2015,16,1307.46213,1265.316571,0.313507804
2015,17,1456.070142,1419.754208,0.301277026
2015,18,2070.275692,2011.659802,0.271426307
2015,19,2307.130968,2245.642755,0.262588846
2015,20,2239.986267,2194.979655,0.265606213
2015,21,2110.029379,2081.522063,0.268690391
2016,1,14.57473074,4.635165039,1.815895663
2016,2,31.32182138,19.0011905,1.213594343
2016,3,40.49296617,29.43341596,1.048265687
2016,4,54.72230998,42.87663594,0.920845226
2016,5,76.11981724,62.82123031,0.798000822
2016,6,135.4733509,117.5241186,0.653449664
2016,7,188.094342,165.9934805,0.582969762
2016,8,287.8196791,252.4436092,0.509788222
2016,9,409.7858906,361.7382593,0.456413405
2016,10,514.5997308,461.6439049,0.423637723
2016,11,692.6449461,628.502913,0.385477242
2016,12,814.8798148,754.5459206,0.36475044
2016,13,880.2284182,833.9549746,0.353694901
2016,14,1041.278542,994.725066,0.335752704
2016,15,1191.906871,1143.763726,0.32287333
2016,16,1202.680516,1168.529557,0.321359434
2016,17,1421.521814,1382.804767,0.304673305
2016,18,1555.386885,1523.010047,0.295493664
2016,19,2163.640158,2112.654252,0.266936892
2016,20,2500.88078,2442.786485,0.257110616
2016,21,2368.561083,2329.110707,0.259226079
2017,1,12.68313256,3.940443339,1.888719187
2017,2,46.52398803,28.67429797,1.033788664
2017,3,70.71906359,53.25545525,0.86794376
2017,4,75.99619059,60.86559756,0.830975818
2017,5,78.8791689,65.50370222,0.806888785
2017,6,96.64445319,82.43988207,0.730761468
2017,7,172.07501,152.7076105,0.601986244
2017,8,239.2478726,214.8374592,0.539188236
2017,9,363.5953989,328.1551801,0.470855379
2017,10,512.0004246,461.9457569,0.424156799
2017,11,628.1761016,572.8696047,0.396869416
2017,12,822.1888591,760.4990121,0.363884262
2017,13,932.455775,877.578199,0.348305843
2017,14,975.6769603,936.7616242,0.341218034
2017,15,1155.039322,1109.299368,0.325355386
2017,16,1282.894483,1241.081952,0.315340077
2017,17,1299.50787,1268.214508,0.313072946
2017,18,1519.259853,1484.325347,0.298810868
2017,19,1614.416786,1586.403531,0.291299974
2017,20,2328.78544,2281.758197,0.262198408
2017,21,2622.978566,2572.374618,0.251461061
2018,1,11.16287716,3.402114657,1.959114246
2018,2,42.57154639,25.74079226,1.058374469
2018,3,98.65035649,75.24147642,0.759518371
2018,4,121.1067721,100.0496548,0.705153608
2018,5,105.3383955,89.12315388,0.736660667
2018,6,94.75386655,80.92403062,0.749673419
2018,7,126.2017458,110.2587875,0.666981957
2018,8,217.5090127,196.8612002,0.558079172
2018,9,293.6553229,269.2458717,0.50409457
2018,10,439.2709306,404.7506696,0.442475287
2018,11,617.3790172,566.7458129,0.39885107
2018,12,739.1545504,686.4348037,0.375854059
2018,13,943.0832061,886.3017188,0.347295141
2018,14,1045.010674,997.8422207,0.33472245
2018,15,1060.767064,1023.344101,0.332614672
2018,16,1244.369482,1204.534043,0.317787406
2018,17,1396.661118,1358.019321,0.306405139
2018,18,1363.236796,1335.912012,0.309242927
2018,19,1593.576037,1563.088923,0.293627395
2018,20,1678.297952,1654.901776,0.289268991
2018,21,2415.251865,2374.720314,0.257404502
2019,2,39.19055321,23.3070897,1.082648917
2019,3,92.33735153,69.35002792,0.773822076
2019,4,158.8019861,132.5345594,0.631333066
2019,5,160.0025469,138.9755109,0.635201442
2019,6,121.9088968,105.7901434,0.692605543
2019,7,122.2339432,106.3415305,0.684834693
2019,8,164.6790027,146.8403584,0.612480968
2019,9,266.6516744,245.5122499,0.523493206
2019,10,350.7761954,327.2830461,0.476782692
2019,11,515.2376498,481.608152,0.420359119
2019,12,717.2293932,669.9292027,0.379377302
2019,13,840.9441978,793.3070971,0.359704155
2019,14,1061.477252,1011.406509,0.333414225
2019,15,1145.846882,1100.193627,0.325308602
2019,16,1130.975328,1099.369207,0.325818646
2019,17,1348.944682,1312.086337,0.309231311
2019,18,1486.924045,1452.020388,0.301045551
2019,19,1432.452847,1408.355189,0.303725033
2019,20,1634.41749,1608.710735,0.292776797
2019,21,1755.802712,1734.766391,0.283447147
2020,3,86.67618723,64.21261293,0.788197209
2020,4,151.7632939,125.1021206,0.639783453
2020,5,208.6016141,182.9801935,0.571378723
2020,6,179.9979595,159.6529908,0.604885376
2020,7,153.1977719,134.4942916,0.638754465
2020,8,162.5934079,143.8330792,0.623871604
2020,9,207.9677289,189.0633027,0.56944455
2020,10,321.0338474,300.5603094,0.495093908
2020,11,411.0841072,387.3597638,0.455105159
2020,12,582.6602716,552.0876057,0.404061977
2020,13,806.6703186,764.9910432,0.364454057
2020,14,945.0192436,902.2882002,0.345813137
2020,15,1168.761388,1120.230227,0.323616859
2020,16,1232.088694,1192.663225,0.317724763
2020,17,1207.266956,1178.564716,0.318497089
2020,18,1446.575608,1412.746694,0.303032364
2020,19,1565.318425,1534.744829,0.295470358
2020,20,1428.985661,1409.93715,0.305929427
2020,21,1749.204607,1725.873431,0.284891435
2021,4,145.1169486,118.3041375,0.648500355
2021,5,204.1482496,177.3378575,0.574771721
2021,6,239.6251996,214.7724453,0.542676089
2021,7,220.0132125,194.8174973,0.565915969
2021,8,201.5693995,178.7853255,0.583872009
2021,9,209.5652917,189.6328677,0.574466736
2021,10,257.2468677,238.2700196,0.534511005
2021,11,379.7882013,358.7042066,0.472906477
2021,12,463.1188628,440.371542,0.440138538
2021,13,637.2883855,612.7351544,0.392120407
2021,14,901.1720101,863.2484205,0.351372762
2021,15,1037.125316,996.2705278,0.336126549
2021,16,1260.684438,1218.2767,0.315783123
2021,17,1322.595939,1286.79448,0.309918096
2021,18,1273.485661,1247.617848,0.313931437
2021,19,1514.414581,1485.007511,0.298032752
2021,20,1593.57216,1567.920657,0.295442271
2021,21,1546.234337,1528.168527,0.29686699
2022,5,199.4613034,171.7355019,0.578679571
2022,6,240.2980268,213.9589888,0.541645322
2022,7,292.7500831,259.1251822,0.511256445
2022,8,286.6554971,253.5457696,0.519835223
2022,9,257.7367269,234.3668232,0.537131093
2022,10,263.8468943,243.3373024,0.535387438
2022,11,312.0006118,291.5813659,0.507193926
2022,12,429.3666866,408.2336132,0.45880513
2022,13,503.1828266,485.048682,0.429688678
2022,14,711.8437791,688.4141339,0.379547367
2022,15,981.726201,946.0992594,0.342522193
2022,16,1112.486147,1076.986099,0.328689351
2022,17,1359.539215,1320.743773,0.307594844
2022,18,1401.602831,1369.102387,0.304975772
2022,19,1326.487011,1304.157294,0.309107196
2022,20,1566.699899,1541.508867,0.296333809
2022,21,1716.799111,1693.267773,0.286936992
2023,6,240.1856242,212.5492073,0.541327324
2023,7,297.9802128,262.0952232,0.508232309
2023,8,382.0720869,334.8345578,0.47119728
2023,9,363.7003475,332.078026,0.476960631
2023,10,321.5349829,297.3104644,0.501450027
2023,11,324.3301356,301.8424182,0.505010839
2023,12,359.3858113,339.0332404,0.489227265
2023,13,466.8309731,449.6769921,0.449448236
2023,14,578.403023,559.6321702,0.414298978
2023,15,776.9158013,754.5918475,0.37059529
2023,16,1045.039593,1014.18943,0.335952712
2023,17,1204.147001,1171.393408,0.319970223
2023,18,1443.720343,1408.518896,0.302493849
2023,19,1466.599074,1438.464146,0.299757238
2023,20,1359.599908,1340.798972,0.308572685
2023,21,1668.891688,1645.951703,0.288775239
2024,7,302.0469358,264.1032549,0.505955066
2024,8,393.2073619,342.3159375,0.467074694
2024,9,484.2505796,441.6716132,0.431503751
2024,10,447.1563415,413.7964183,0.446831521
2024,11,392.0450475,365.5902282,0.473087004
2024,12,376.6107972,354.4795192,0.484907996
2024,13,395.5942256,378.9954163,0.477168478
2024,14,547.3825969,528.9470929,0.431735305
2024,15,646.3662962,627.7588855,0.401768442
2024,16,817.0707194,797.9580781,0.36559197
2024,17,1132.765548,1104.100409,0.327103977
2024,18,1270.014259,1240.814399,0.31549643
2024,19,1515.99233,1485.316212,0.296994338
2024,20,1513.587673,1489.170323,0.298601723
2024,21,1431.923555,1414.848231,0.301815697
2025,8,402.7016024,348.40192,0.463741942
2025,9,502.5650403,456.3005736,0.426457349
2025,10,589.1813368,543.027402,0.405628927
2025,11,538.1822558,501.9956224,0.421949219
2025,12,452.8156188,427.2928853,0.453844776
2025,13,415.7106604,398.2228245,0.47177121
2025,14,470.2356982,452.9457199,0.456270881
2025,15,621.3229705,602.8326111,0.415807848
2025,16,681.6879102,665.5687207,0.396543417
2025,17,893.1093103,874.609871,0.355868082
2025,18,1183.839747,1158.660904,0.32377125
2025,19,1338.58346,1312.897233,0.309498907
2025,20,1561.803322,1535.366664,0.296000257
2025,21,1590.840435,1569.283969,0.292144267
2026,9,518.7909277,468.9833136,0.422275788
2026,10,614.9134211,564.079698,0.400177638
2026,11,702.7837672,653.419431,0.383508262
2026,12,617.8160995,584.4745598,0.404039325
2026,13,497.532619,478.0184531,0.441474876
2026,14,493.2194306,475.9597254,0.450054515
2026,15,537.7466898,520.3750483,0.438378217
2026,16,657.6563044,641.5003341,0.410064328
2026,17,760.7095846,744.6972235,0.383806875
2026,18,938.5543708,922.1028206,0.351795109
2026,19,1251.573912,1229.239815,0.317403843
2026,20,1350.669324,1329.629004,0.310585192
2026,21,1650.91256,1627.345574,0.289098942
2027,10,638.2114313,582.783775,0.395594993
2027,11,736.9875309,682.661849,0.377635301
2027,12,804.464534,761.2200396,0.366537718
2027,13,675.6592231,651.5714676,0.392616559
2027,14,581.6906015,563.3904958,0.422214564
2027,15,562.9967078,545.6590051,0.431908872
2027,16,571.1528192,556.1313153,0.431757866
2027,17,741.7368402,725.5863466,0.395250691
2027,18,812.9267776,798.4487526,0.375675327
2027,19,989.4848403,974.652483,0.345878764
2027,20,1236.458277,1218.920556,0.320945211
2027,21,1454.007432,1434.428302,0.301788853
2028,11,768.495299,709.2489748,0.372648442
2028,12,847.4165522,799.954795,0.360162934
2028,13,879.7044813,848.8397372,0.355427752
2028,14,767.6852006,747.5010039,0.377715843
2028,15,657.6357909,639.1118403,0.406602733
2028,16,596.6144321,581.9402909,0.425299733
2028,17,649.0978393,634.0669217,0.415207115
2028,18,800.2507882,785.6252529,0.383419093
2028,19,859.2534187,846.1066926,0.370087403
2028,20,965.0223581,953.8421768,0.351003418
2028,21,1352.910671,1335.938003,0.310418962
2029,12,887.556603,835.8595328,0.354706566
2029,13,930.9151705,896.2612214,0.348573923
2029,14,973.6444694,950.6780259,0.343952495
2029,15,851.4707168,830.5411846,0.366518345
2029,16,694.0018329,678.5929183,0.400796889
2029,17,674.6525747,659.9345044,0.409391553
2029,18,701.1699935,687.569897,0.402537043
2029,19,846.7991397,833.4843666,0.378479255
2029,20,837.4529362,827.5267168,0.373520074
2029,21,1083.774286,1072.027946,0.337027618
2030,13,979.5102166,940.8729831,0.342656122
2030,14,1028.268661,1002.955055,0.337291863
2030,15,1058.194693,1033.942825,0.336291048
2030,16,893.0554206,876.2390688,0.361883156
2030,17,776.435449,760.9272905,0.387140569
2030,18,728.1923656,714.9450362,0.396592438
2030,19,745.4722769,733.0834379,0.396827554
2030,20,826.9444569,816.9176351,0.379335009
2030,21,962.0931793,951.4893447,0.355814366
2031,14,1080.351266,1052.468596,0.331506345
2031,15,1115.332991,1088.779291,0.329970495
2031,16,1104.884654,1086.028313,0.332356727
2031,17,979.6816695,962.5382545,0.351855425
2031,18,835.658302,821.6890276,0.375891092
2031,19,771.3565892,759.2252454,0.391530999
2031,20,723.7987976,714.4742678,0.398456535
2031,21,958.2564159,947.4935004,0.359996835
2032,15,1169.932351,1140.850739,0.324444874
2032,16,1165.867222,1145.349088,0.325897723
2032,17,1191.009288,1171.761796,0.324961133
2032,18,1047.327797,1031.828769,0.343703928
2032,19,880.0988455,867.2560596,0.371568528
2032,20,750.7532452,741.723162,0.392546937
2032,21,847.0733569,837.0750019,0.376840567
2033,16,1224.662083,1202.24919,0.320207954
2033,17,1253.325107,1232.676366,0.318844015
2033,18,1259.603302,1242.182678,0.31978292
2033,19,1093.600467,1079.214192,0.340129315
2033,20,861.9009306,852.3656632,0.37226022
2033,21,873.9661304,864.1542227,0.37196199
2034,17,1313.681973,1291.434261,0.313413532
2034,18,1323.623644,1304.989839,0.314053627
2034,19,1309.127193,1292.945951,0.316300362
2034,20,1081.982574,1071.344828,0.340998666
2034,21,991.0193024,980.5690706,0.354317443
2035,18,1385.661602,1365.625782,0.308941356
2035,19,1374.91119,1357.756419,0.310538418
2035,20,1300.620704,1288.65463,0.31808444
2035,21,1216.425066,1204.584335,0.327173099
2036,19,1439.098909,1420.825984,0.305364509
2036,20,1369.102797,1356.367896,0.312254522
2036,21,1434.546809,1421.208413,0.307199099
2037,20,1436.121902,1422.475353,0.306998938
2037,21,1502.370842,1488.345141,0.302043152
2038,21,1568.674343,1553.864212,0.297368514
